,HOU1,HOU2,GOVR
x0,59.82639908490567,25.924772936792454,19.94213302830189
x1,14.859703887428571,24.766173145714287,29.719407774857142
x2,40.04943636595745,40.04943636595745,14.017302728085104
x3,10.079466643066667,55.43706653686667,10.079466643066667
