,agri,lani,fore,fish
agri,145695.97152229425,44045.29704422017,0.0,0
fore,0.0,0.0,19080.228252777557,0
fish,0.0,0.0,0.0,0
lani,0.0,0.0,0.0,0
