,agri,fore,fish,lani
agri,5098.094138165299,544.4303030176342,58.80416564251714,0
lani,0.0,0.0,0.0,0
fore,0.0,0.0,0.0,0
fish,0.0,0.0,0.0,0
